,fitted_values,expected_values
obj_func_value,0.00014561805755797935,
lattice,3.167287237,
fermi_energy,0.696154579072092,0.8903
delta,0.8418539511959533,0.763
lamdba_c,0.011805613076427746,0.016999999999999904
lambda_v,0.04643050083960351,0.09199999999999997
gamma_0,0.4530556394208407,
gamma_0,0.014418559019949928,
gamma_1,-0.00948405593003998,
gamma_2,0.03790957131548289,
