,fitted_values,expected_values
obj_func_value,3.7016634314087386e-05,
lattice,3.167287237,
fermi_energy,0.7104472311280285,0.8903
delta,0.8130120056387524,0.763
lamdba_c,0.011946272148721876,0.016999999999999904
lambda_v,0.04696555449184919,0.09199999999999997
gamma_0,0.47324992381552233,
gamma_0,0.11324704442733724,
gamma_1,-0.11474083720190054,
gamma_2,0.03883216824077396,
gamma_3,0.014979487712604822,
gamma_4,-0.009111059449058878,
gamma_5,-0.11913449860927372,
